{"cameraMode":{"drawMode":0,"name":"Shaded","section":"Shading Mode"},"sceneLighting":false,"audioPlay":false,"sceneViewState":{"showFog":true,"showMaterialUpdate":false,"showSkybox":false,"showFlares":true,"showImageEffects":true,"showParticleSystems":true},"in2DMode":false,"pivot":{"x":0.0016813017427921296,"y":0.14193162322044373,"z":0.15582478046417237},"rotation":{"x":0.18604350090026856,"y":-0.8125768899917603,"z":0.3610296845436096,"w":0.4184076189994812},"size":1.4999592304229737,"orthographic":false}