{"cameraMode":{"drawMode":0,"name":"Shaded","section":"Shading Mode"},"sceneLighting":false,"audioPlay":false,"sceneViewState":{"showFog":true,"showMaterialUpdate":false,"showSkybox":false,"showFlares":true,"showImageEffects":true,"showParticleSystems":true},"in2DMode":false,"pivot":{"x":6.519378185272217,"y":-5.814174175262451,"z":-98.03479766845703},"rotation":{"x":0.0021314711775630714,"y":-0.9991954565048218,"z":0.03617383912205696,"w":-0.029798474162817},"size":102.47572326660156,"orthographic":false}