{"cameraMode":{"drawMode":0,"name":"Shaded","section":"Shading Mode"},"sceneLighting":false,"audioPlay":false,"sceneViewState":{"showFog":true,"showMaterialUpdate":false,"showSkybox":false,"showFlares":true,"showImageEffects":true,"showParticleSystems":true},"in2DMode":false,"pivot":{"x":29.72405242919922,"y":-21.73910140991211,"z":21.341196060180665},"rotation":{"x":0.205448716878891,"y":0.44229602813720705,"z":-0.11160293221473694,"w":0.8663991689682007},"size":54.13140869140625,"orthographic":false}