{"cameraMode":{"drawMode":0,"name":"Shaded","section":"Shading Mode"},"sceneLighting":false,"audioPlay":false,"sceneViewState":{"showFog":true,"showMaterialUpdate":false,"showSkybox":false,"showFlares":true,"showImageEffects":true,"showParticleSystems":true},"in2DMode":false,"pivot":{"x":-6.968040466308594,"y":7.7529377937316898,"z":-21.222116470336915},"rotation":{"x":-0.2963586747646332,"y":0.04969417676329613,"z":-0.014710339717566967,"w":-0.9539934992790222},"size":7.848333358764648,"orthographic":false}