{"cameraMode":{"drawMode":0,"name":"Shaded","section":"Shading Mode"},"sceneLighting":false,"audioPlay":false,"sceneViewState":{"showFog":true,"showMaterialUpdate":false,"showSkybox":false,"showFlares":true,"showImageEffects":true,"showParticleSystems":true},"in2DMode":false,"pivot":{"x":-31.884401321411134,"y":-5.027637481689453,"z":-10.674261093139649},"rotation":{"x":-0.09894201904535294,"y":0.7511457800865173,"z":-0.11552822589874268,"w":-0.6427111625671387},"size":22.78678321838379,"orthographic":false}