{"cameraMode":{"drawMode":0,"name":"Shaded","section":"Shading Mode"},"sceneLighting":false,"audioPlay":false,"sceneViewState":{"showFog":true,"showMaterialUpdate":false,"showSkybox":false,"showFlares":true,"showImageEffects":true,"showParticleSystems":true},"in2DMode":false,"pivot":{"x":-9.420000076293946,"y":1.5439338684082032,"z":-19.139999389648439},"rotation":{"x":0.3565850853919983,"y":-0.018225692212581636,"z":0.006581248715519905,"w":0.9342878460884094},"size":4.194085121154785,"orthographic":false}