{"cameraMode":{"drawMode":0,"name":"Shaded","section":"Shading Mode"},"sceneLighting":false,"audioPlay":false,"sceneViewState":{"showFog":true,"showMaterialUpdate":false,"showSkybox":false,"showFlares":true,"showImageEffects":true,"showParticleSystems":true},"in2DMode":false,"pivot":{"x":-3.7538228034973146,"y":-0.6934984922409058,"z":-12.390960693359375},"rotation":{"x":0.16782966256141663,"y":-0.8276585936546326,"z":0.3268408477306366,"w":0.4246058464050293},"size":4.672536373138428,"orthographic":false}