{"cameraMode":{"drawMode":0,"name":"Shaded","section":"Shading Mode"},"sceneLighting":false,"audioPlay":false,"sceneViewState":{"showFog":true,"showMaterialUpdate":false,"showSkybox":false,"showFlares":true,"showImageEffects":true,"showParticleSystems":true},"in2DMode":false,"pivot":{"x":-0.012332141399383545,"y":0.7827277183532715,"z":0.002407550811767578},"rotation":{"x":-0.009152212180197239,"y":0.9915367364883423,"z":-0.08824265003204346,"w":-0.09761063754558563},"size":4.211938858032227,"orthographic":false}