{"cameraMode":{"drawMode":0,"name":"Shaded","section":"Shading Mode"},"sceneLighting":false,"audioPlay":false,"sceneViewState":{"showFog":true,"showMaterialUpdate":false,"showSkybox":false,"showFlares":true,"showImageEffects":true,"showParticleSystems":true},"in2DMode":false,"pivot":{"x":1.3879284858703614,"y":-1.6829230785369874,"z":0.6893558502197266},"rotation":{"x":-0.0040209004655480389,"y":0.9437292814254761,"z":-0.010499225929379464,"w":-0.33133381605148318},"size":2.073476552963257,"orthographic":false}