{"cameraMode":{"drawMode":0,"name":"Shaded","section":"Shading Mode"},"sceneLighting":false,"audioPlay":false,"sceneViewState":{"showFog":true,"showMaterialUpdate":false,"showSkybox":false,"showFlares":true,"showImageEffects":true,"showParticleSystems":true},"in2DMode":false,"pivot":{"x":0.00028884410858154297,"y":0.7876561284065247,"z":0.0},"rotation":{"x":-0.13739320635795594,"y":0.7990289330482483,"z":-0.19869005680084229,"w":-0.5508468151092529},"size":3.5349833965301515,"orthographic":false}