{"cameraMode":{"drawMode":0,"name":"Shaded","section":"Shading Mode"},"sceneLighting":false,"audioPlay":false,"sceneViewState":{"showFog":true,"showMaterialUpdate":false,"showSkybox":false,"showFlares":true,"showImageEffects":true,"showParticleSystems":true},"in2DMode":false,"pivot":{"x":1.0212275981903077,"y":-4.2900543212890629,"z":8.187503814697266},"rotation":{"x":-0.2627057135105133,"y":-0.004444589372724295,"z":0.001371569698676467,"w":-0.9649394750595093},"size":31.28621482849121,"orthographic":false}