{"cameraMode":{"drawMode":0,"name":"Shaded","section":"Shading Mode"},"sceneLighting":false,"audioPlay":false,"sceneViewState":{"showFog":true,"showMaterialUpdate":false,"showSkybox":false,"showFlares":true,"showImageEffects":true,"showParticleSystems":true},"in2DMode":false,"pivot":{"x":-7.582376480102539,"y":-4.4501848220825199,"z":25.562353134155275},"rotation":{"x":-0.16348689794540406,"y":0.1117497980594635,"z":-0.015501950867474079,"w":-0.9804622530937195},"size":42.57622146606445,"orthographic":false}