{"cameraMode":{"drawMode":0,"name":"Shaded","section":"Shading Mode"},"sceneLighting":false,"audioPlay":false,"sceneViewState":{"showFog":true,"showMaterialUpdate":false,"showSkybox":false,"showFlares":true,"showImageEffects":true,"showParticleSystems":true},"in2DMode":false,"pivot":{"x":-6.612705707550049,"y":-14.961210250854493,"z":19.146160125732423},"rotation":{"x":0.26514890789985659,"y":-0.005129348952323198,"z":-0.01354555506259203,"w":0.9648345708847046},"size":47.55461120605469,"orthographic":false}