{"cameraMode":{"drawMode":0,"name":"Shaded","section":"Shading Mode"},"sceneLighting":false,"audioPlay":false,"sceneViewState":{"showFog":true,"showMaterialUpdate":false,"showSkybox":false,"showFlares":true,"showImageEffects":true,"showParticleSystems":true},"in2DMode":false,"pivot":{"x":0.36945563554763796,"y":-0.20658880472183228,"z":-8.306207656860352},"rotation":{"x":-0.0006163220386952162,"y":1.000192642211914,"z":-0.007803752552717924,"w":-0.009667539037764073},"size":4.577829360961914,"orthographic":false}