{"cameraMode":{"drawMode":0,"name":"Shaded","section":"Shading Mode"},"sceneLighting":false,"audioPlay":false,"sceneViewState":{"showFog":true,"showMaterialUpdate":false,"showSkybox":false,"showFlares":true,"showImageEffects":true,"showParticleSystems":true},"in2DMode":false,"pivot":{"x":1.7928028106689454,"y":1.3119707107543946,"z":0.29482755064964297},"rotation":{"x":-0.18784096837043763,"y":0.8064462542533875,"z":-0.3382287919521332,"w":-0.4476477801799774},"size":0.47718706727027895,"orthographic":false}