{"cameraMode":{"drawMode":0,"name":"Shaded","section":"Shading Mode"},"sceneLighting":false,"audioPlay":false,"sceneViewState":{"showFog":true,"showMaterialUpdate":false,"showSkybox":false,"showFlares":true,"showImageEffects":true,"showParticleSystems":true},"in2DMode":false,"pivot":{"x":-3.4277403354644777,"y":-3.3291149139404299,"z":-18.155397415161134},"rotation":{"x":-0.00945428665727377,"y":0.9908217787742615,"z":-0.10534197092056275,"w":-0.08553866297006607},"size":22.0,"orthographic":false}