{"cameraMode":{"drawMode":0,"name":"Shaded","section":"Shading Mode"},"sceneLighting":false,"audioPlay":false,"sceneViewState":{"showFog":true,"showMaterialUpdate":false,"showSkybox":false,"showFlares":true,"showImageEffects":true,"showParticleSystems":true},"in2DMode":false,"pivot":{"x":-20.78822898864746,"y":0.30446186661720278,"z":-0.24734842777252198},"rotation":{"x":0.0032013035379350187,"y":0.7164666056632996,"z":0.003631813218817115,"w":-0.6979036331176758},"size":22.0,"orthographic":false}