{"cameraMode":{"drawMode":0,"name":"Shaded","section":"Shading Mode"},"sceneLighting":false,"audioPlay":false,"sceneViewState":{"showFog":true,"showMaterialUpdate":false,"showSkybox":false,"showFlares":true,"showImageEffects":true,"showParticleSystems":true},"in2DMode":false,"pivot":{"x":673.2560424804688,"y":2231.980712890625,"z":-3213.423095703125},"rotation":{"x":0.2330443263053894,"y":0.007277213502675295,"z":-0.0020768374670296909,"w":0.9726523756980896},"size":3.5349109172821047,"orthographic":false}