{"cameraMode":{"drawMode":0,"name":"Shaded","section":"Shading Mode"},"sceneLighting":false,"audioPlay":false,"sceneViewState":{"showFog":true,"showMaterialUpdate":false,"showSkybox":false,"showFlares":true,"showImageEffects":true,"showParticleSystems":true},"in2DMode":false,"pivot":{"x":-0.6373133659362793,"y":0.5131585597991943,"z":-1.6539647579193116},"rotation":{"x":-0.160372793674469,"y":0.08799124509096146,"z":-0.014189762994647026,"w":-0.9832618832588196},"size":0.6000264883041382,"orthographic":false}